Date,Equity
2024-01-01,1000.0
2024-01-02,1000.0
2024-01-03,1000.0
2024-01-04,1000.0
2024-01-05,1000.0
2024-01-06,1000.0
2024-01-07,1000.0
2024-01-08,1000.0
2024-01-09,1000.0
2024-01-10,1000.0
2024-01-11,998.0
2024-01-12,961.41
2024-01-13,961.41
2024-01-14,961.41
2024-01-15,961.41
2024-01-16,965.89
2024-01-17,946.74
2024-01-18,930.62
2024-01-19,931.98
2024-01-20,931.98
2024-01-21,931.98
2024-01-22,917.1
2024-01-23,918.59
2024-01-24,912.83
2024-01-25,798.15
2024-01-26,800.86
2024-01-27,800.86
2024-01-28,800.86
2024-01-29,834.42
2024-01-30,837.31
2024-01-31,818.52
2024-02-01,825.38
2024-02-02,821.23
2024-02-03,821.23
2024-02-04,821.23
2024-02-05,791.29
2024-02-06,808.95
2024-02-07,819.78
2024-02-08,828.44
2024-02-09,845.96
2024-02-10,845.96
2024-02-11,845.96
2024-02-12,820.19
2024-02-13,820.19
2024-02-14,820.19
2024-02-15,820.19
2024-02-16,820.19
2024-02-17,820.19
2024-02-18,820.19
2024-02-19,820.19
2024-02-20,820.19
2024-02-21,820.19
2024-02-22,820.19
2024-02-23,820.19
2024-02-24,820.19
2024-02-25,820.19
2024-02-26,820.19
2024-02-27,820.19
2024-02-28,818.19
2024-02-29,810.5
2024-03-01,803.82
2024-03-02,803.82
2024-03-03,803.82
2024-03-04,791.24
2024-03-05,776.92
2024-03-06,776.02
2024-03-07,786.17
2024-03-08,785.62
2024-03-09,785.62
2024-03-10,785.62
2024-03-11,806.36
2024-03-12,806.69
2024-03-13,804.47
2024-03-14,806.12
2024-03-15,807.12
2024-03-16,807.12
2024-03-17,807.12
2024-03-18,807.12
2024-03-19,807.12
2024-03-20,807.12
2024-03-21,807.12
2024-03-22,807.12
2024-03-23,807.12
2024-03-24,807.12
2024-03-25,807.12
2024-03-26,807.12
2024-03-27,807.12
2024-03-28,807.12
2024-03-29,807.12
2024-03-30,807.12
2024-03-31,807.12
2024-04-01,807.12
2024-04-02,805.12
2024-04-03,807.93
2024-04-04,800.26
2024-04-05,800.9
2024-04-06,800.9
2024-04-07,800.9
2024-04-08,801.35
2024-04-09,807.89
2024-04-10,790.9
2024-04-11,776.26
2024-04-12,771.83
2024-04-13,771.83
2024-04-14,771.83
2024-04-15,783.13
2024-04-16,824.01
2024-04-17,841.76
2024-04-18,862.69
2024-04-19,846.12
2024-04-20,846.12
2024-04-21,846.12
2024-04-22,817.35
2024-04-23,832.48
2024-04-24,932.89
2024-04-25,979.21
2024-04-26,968.34
2024-04-27,968.34
2024-04-28,968.34
2024-04-29,1116.56
2024-04-30,1052.59
2024-05-01,1052.59
2024-05-02,1052.59
2024-05-03,1052.59
2024-05-04,1052.59
2024-05-05,1052.59
2024-05-06,1052.59
2024-05-07,1052.59
2024-05-08,1052.59
2024-05-09,1052.59
2024-05-10,1052.59
2024-05-11,1052.59
2024-05-12,1052.59
2024-05-13,1052.59
2024-05-14,1052.59
2024-05-15,1052.59
2024-05-16,1052.59
2024-05-17,1052.59
2024-05-18,1052.59
2024-05-19,1052.59
2024-05-20,1052.59
2024-05-21,1052.59
2024-05-22,1052.59
2024-05-23,1052.59
2024-05-24,1052.59
2024-05-25,1052.59
2024-05-26,1052.59
2024-05-27,1052.59
2024-05-28,1052.59
2024-05-29,1052.59
2024-05-30,1050.59
2024-05-31,1065.5
2024-06-01,1065.5
2024-06-02,1065.5
2024-06-03,1055.21
2024-06-04,1071.6
2024-06-05,1069.14
2024-06-06,1067.35
2024-06-07,1062.35
2024-06-08,1062.35
2024-06-09,1062.35
2024-06-10,1030.42
2024-06-11,1025.27
2024-06-12,1017.57
2024-06-13,1014.46
2024-06-14,1017.44
2024-06-15,1017.44
2024-06-16,1017.44
2024-06-17,1029.92
2024-06-18,1027.92
2024-06-19,1027.92
2024-06-20,1075.45
2024-06-21,1071.79
2024-06-22,1071.79
2024-06-23,1071.79
2024-06-24,1065.28
2024-06-25,1065.28
2024-06-26,1047.26
2024-06-27,1060.09
2024-06-28,1078.3
2024-06-29,1078.3
2024-06-30,1078.3
2024-07-01,1048.26
2024-07-02,1092.26
2024-07-03,1089.54
2024-07-04,1089.54
2024-07-05,1140.72
2024-07-06,1140.72
2024-07-07,1140.72
2024-07-08,1140.72
2024-07-09,1140.72
2024-07-10,1140.72
2024-07-11,1140.72
2024-07-12,1138.72
2024-07-13,1138.72
2024-07-14,1138.72
2024-07-15,1154.28
2024-07-16,1154.05
2024-07-17,1138.47
2024-07-18,1130.7
2024-07-19,1113.65
2024-07-20,1113.65
2024-07-21,1113.65
2024-07-22,1138.54
2024-07-23,1130.21
2024-07-24,1118.3
2024-07-25,1114.96
2024-07-26,1110.18
2024-07-27,1110.18
2024-07-28,1110.18
2024-07-29,1100.43
2024-07-30,1098.43
2024-07-31,1239.16
2024-08-01,1154.46
2024-08-02,1152.46
2024-08-03,1152.46
2024-08-04,1152.46
2024-08-05,1105.23
2024-08-06,1111.48
2024-08-07,1117.24
2024-08-08,1138.04
2024-08-09,1145.87
2024-08-10,1145.87
2024-08-11,1145.87
2024-08-12,1144.91
2024-08-13,1168.45
2024-08-14,1167.56
2024-08-15,1218.97
2024-08-16,1215.33
2024-08-17,1215.33
2024-08-18,1215.33
2024-08-19,1221.29
2024-08-20,1221.29
2024-08-21,1221.29
2024-08-22,1221.29
2024-08-23,1221.29
2024-08-24,1221.29
2024-08-25,1221.29
2024-08-26,1221.29
2024-08-27,1221.29
2024-08-28,1221.29
2024-08-29,1221.29
2024-08-30,1221.29
2024-08-31,1221.29
2024-09-01,1221.29
2024-09-02,1221.29
2024-09-03,1221.29
2024-09-04,1221.29
2024-09-05,1221.29
2024-09-06,1219.29
2024-09-07,1219.29
2024-09-08,1219.29
2024-09-09,1230.31
2024-09-10,1230.31
2024-09-11,1247.47
2024-09-12,1281.03
2024-09-13,1278.64
2024-09-14,1278.64
2024-09-15,1278.64
2024-09-16,1300.99
2024-09-17,1308.4
2024-09-18,1312.38
2024-09-19,1363.98
2024-09-20,1369.47
2024-09-21,1369.47
2024-09-22,1369.47
2024-09-23,1374.93
2024-09-24,1374.93
2024-09-25,1374.93
2024-09-26,1374.93
2024-09-27,1374.93
2024-09-28,1374.93
2024-09-29,1374.93
2024-09-30,1374.93
2024-10-01,1374.93
2024-10-02,1374.93
2024-10-03,1374.93
2024-10-04,1372.93
2024-10-05,1372.93
2024-10-06,1372.93
2024-10-07,1350.23
2024-10-08,1353.56
2024-10-09,1361.19
2024-10-10,1354.93
2024-10-11,1361.19
2024-10-12,1361.19
2024-10-13,1361.19
2024-10-14,1376.26
2024-10-15,1376.26
2024-10-16,1380.76
2024-10-17,1367.65
2024-10-18,1378.21
2024-10-19,1378.21
2024-10-20,1378.21
2024-10-21,1356.84
2024-10-22,1356.84
2024-10-23,1354.84
2024-10-24,1340.7
2024-10-25,1333.13
2024-10-26,1333.13
2024-10-27,1333.13
2024-10-28,1328.15
2024-10-29,1306.04
2024-10-30,1313.21
2024-10-31,1301.06
2024-11-01,1295.08
2024-11-02,1295.08
2024-11-03,1295.08
2024-11-04,1297.07
2024-11-05,1302.25
2024-11-06,1268.98
2024-11-07,1268.19
2024-11-08,1273.37
2024-11-09,1273.37
2024-11-10,1273.37
2024-11-11,1262.21
2024-11-12,1259.02
2024-11-13,1255.04
2024-11-14,1246.07
2024-11-15,1229.94
2024-11-16,1229.94
2024-11-17,1229.94
2024-11-18,1232.33
2024-11-19,1246.87
2024-11-20,1254.84
2024-11-21,1270.18
2024-11-22,1273.37
2024-11-23,1273.37
2024-11-24,1273.37
2024-11-25,1282.53
2024-11-26,1285.92
2024-11-27,1283.53
2024-11-28,1283.53
2024-11-29,1286.24
2024-11-30,1286.24
2024-12-01,1286.24
2024-12-02,1277.6
2024-12-03,1274.99
2024-12-04,1248.7
2024-12-05,1262.95
2024-12-06,1255.12
2024-12-07,1255.12
2024-12-08,1255.12
2024-12-09,1256.53
2024-12-10,1262.75
2024-12-11,1257.33
2024-12-12,1281.42
2024-12-13,1266.97
2024-12-14,1266.97
2024-12-15,1266.97
2024-12-16,1255.52
2024-12-17,1272.59
2024-12-18,1261.55
2024-12-19,1253.52
2024-12-20,1255.52
2024-12-21,1255.52
2024-12-22,1255.52
2024-12-23,1252.11
2024-12-24,1261.35
2024-12-25,1261.35
2024-12-26,1255.93
2024-12-27,1253.52
2024-12-28,1253.52
2024-12-29,1253.52
2024-12-30,1245.09
2024-12-31,1249.7
